{"_step":919,"_wandb":{"runtime":81},"loss":0.12297439575195312,"_timestamp":1.7609666691543128e+09,"_runtime":80.98452963}