{"_step":919,"loss":0.05284111574292183,"_timestamp":1.7611233211974103e+09,"_wandb":{"runtime":922},"_runtime":922.370119629}