{"_timestamp":1.7610382908118024e+09,"_runtime":923.944619367,"_step":919,"_wandb":{"runtime":924},"loss":0.0330139696598053}