{"_wandb":{"runtime":120},"loss":0.19433751702308655,"_timestamp":1.7610486787873776e+09,"_runtime":120.442283383,"_step":919}