{"_step":919,"_wandb":{"runtime":1006},"loss":0.3274585008621216,"_timestamp":1.7630279685892065e+09,"_runtime":1005.80306695}