{"_step":0,"_wandb":{"runtime":6},"loss":0.27644097805023193,"_timestamp":1.7628567038233798e+09,"_runtime":6.504188579}