{"_wandb":{"runtime":151},"loss":0.07307493686676025,"_timestamp":1.7609623866828423e+09,"_runtime":151.285756427,"_step":919}