{"_timestamp":1.7610495647143488e+09,"_runtime":143.007893276,"_step":919,"_wandb":{"runtime":143},"loss":17.148351669311523}