{"_wandb":{"runtime":123},"loss":0.2527594268321991,"_timestamp":1.76096452064538e+09,"_runtime":123.560066593,"_step":919}