{"loss":0.3330342769622803,"_wandb":{"runtime":99},"_timestamp":1.7609661664569356e+09,"_runtime":99.531221515,"_step":500}