{"_wandb":{"runtime":80},"_timestamp":1.7609665139561043e+09,"_runtime":80.397446901,"_step":919,"loss":0.001626061974093318}