{"_wandb":{"runtime":122},"loss":0.03689232096076012,"_timestamp":1.7609609238200157e+09,"_runtime":122.675846264,"_step":919}