{"_runtime":164.723029848,"_step":52,"_wandb":{"runtime":167},"loss":0.06529594957828522,"_timestamp":1.7610567233642879e+09}