{"_wandb":{"runtime":24},"loss":0.24116872251033783,"_timestamp":1.762856836153824e+09,"_runtime":24.589543535,"_step":18}