{"_wandb":{"runtime":1008},"loss":0.4959072470664978,"_timestamp":1.7630264423494277e+09,"_runtime":1007.906357138,"_step":919}