{"_wandb":{"runtime":4083},"loss":0.08461973071098328,"_timestamp":1.7611330826739662e+09,"_runtime":4082.998058029,"_step":919}