{"_timestamp":1.761041872026438e+09,"_runtime":916.292485874,"_wandb":{"runtime":916},"_step":919,"loss":0.0206894651055336}