{"_wandb":{"runtime":965},"_timestamp":1.761134668999013e+09,"_runtime":964.985661236,"_step":919,"loss":0.22244013845920563}