{"_runtime":1026.972668692,"_step":919,"_wandb":{"runtime":1027},"loss":0.07344777137041092,"_timestamp":1.7629534361221673e+09}