{"loss":{"_type":"histogram","values":[88984,62905,38003,22317,13225,8239,5642,4108,3067,2512,2191,1868,1667,1431,1229,983,821,674,506,365,267,251,175,122,116,75,84,79,76,79,47,36],"bins":[1.192214012145996,1.2234551906585693,1.2546963691711426,1.2859375476837158,1.317178726196289,1.3484197854995728,1.379660964012146,1.4109021425247192,1.4421433210372925,1.4733844995498657,1.504625678062439,1.5358668565750122,1.567107915878296,1.5983490943908691,1.6295902729034424,1.6608314514160156,1.6920726299285889,1.723313808441162,1.7545549869537354,1.7857961654663086,1.8170373439788818,1.8482784032821655,1.8795195817947388,1.910760760307312,1.9420019388198853,1.9732431173324585,2.004484176635742,2.0357253551483154,2.0669665336608887,2.098207712173462,2.129448890686035,2.1606900691986084,2.1919312477111816]},"_timestamp":1.7630253316565552e+09,"_runtime":18.243913297,"_step":0,"_wandb":{"runtime":18}}