{"_step":919,"_wandb":{"runtime":3763},"loss":0.02055734023451805,"_timestamp":1.7610460698088017e+09,"_runtime":3763.722807391}