{"loss":0.40775927901268005,"_timestamp":1.7630316962803166e+09,"_runtime":1011.970955767,"_step":919,"_wandb":{"runtime":1012}}