{"_runtime":966.575334606,"_step":919,"_wandb":{"runtime":966},"loss":0.0729103684425354,"_timestamp":1.7611281299974103e+09}