{"_step":919,"_wandb":{"runtime":125},"loss":0.03689232096076012,"_timestamp":1.7609613389047623e+09,"_runtime":125.763655062}