{"_timestamp":1.761048468424997e+09,"_runtime":136.386726361,"_step":919,"_wandb":{"runtime":136},"loss":0.05334758013486862}