{"_timestamp":1.7609698275402775e+09,"_wandb":{"runtime":478},"_runtime":478.077138019,"_step":443,"loss":0.028402920812368393}