{"_step":919,"loss":0.07316957414150238,"_wandb":{"runtime":84},"_timestamp":1.760967230855811e+09,"_runtime":84.593619046}