{"_wandb":{"runtime":1005},"loss":0.09002489596605301,"_timestamp":1.7611376265945857e+09,"_runtime":1005.133063007,"_step":919}