{"_wandb":{"runtime":84},"loss":0.00114089110866189,"_timestamp":1.7609662915115721e+09,"_runtime":84.061296869,"_step":919}