{"_timestamp":1.761125459214143e+09,"_runtime":928.748409973,"_step":919,"loss":0.05307018756866455,"_wandb":{"runtime":928}}