{"_wandb":{"runtime":75},"loss":0,"_timestamp":1.7606204102227771e+09,"_runtime":74.881469971,"_step":919}