{"_timestamp":1.76105156501682e+09,"_runtime":1797.94295333,"_wandb":{"runtime":1798},"_step":919,"loss":0.013426528312265873}