{"loss":0.27644097805023193,"_timestamp":1.7628566453331645e+09,"_wandb":{"runtime":5},"_runtime":5.73117857,"_step":0}