{"_step":919,"_wandb":{"runtime":77},"loss":0,"_timestamp":1.7606208088141677e+09,"_runtime":77.066960181}