{"loss":0.09534702450037003,"_wandb":{"runtime":469},"_timestamp":1.7628564914093513e+09,"_runtime":468.093641418,"_step":420}