{"_step":919,"_wandb":{"runtime":134},"loss":0.36613723635673523,"_timestamp":1.7609656021269097e+09,"_runtime":133.798659051}