{"_runtime":466.828932442,"_step":443,"_wandb":{"runtime":467},"loss":0.0283549502491951,"_timestamp":1.76103708622664e+09}