{"_wandb":{"runtime":984},"loss":0.1996598094701767,"_timestamp":1.7611356807021563e+09,"_runtime":983.880946667,"_step":919}