{"_runtime":176.058993712,"_wandb":{"runtime":176},"_step":919,"loss":1.575252991353044e-23,"_timestamp":1.7609516168612914e+09}