{"_step":20,"_wandb":{"runtime":67},"loss":0.2227107733488083,"_timestamp":1.7609606381673942e+09,"_runtime":66.423896831}