{"_wandb":{"runtime":1010},"loss":0.4074494242668152,"_timestamp":1.7630290868187253e+09,"_runtime":1010.070287753,"_step":919}