{"loss":0.08808023482561111,"_timestamp":1.7628623197215064e+09,"_wandb":{"runtime":1044},"_runtime":1043.549354007,"_step":919}